"","Sample","Evidence","Position","Mutation","Annotation","Gene","Description","Bioproject","Accession","Name","Organism...","PopulationofOrigin"
"51","1021_1","RA","5,432,293","G->A","E1153K (GAG->AAG) ","morA","motility regulator","PRJNA595915 ","SAMN14929132 ","MRS_1021_1","PA14","Planktonic, Population 1"
"126","1021_1","RA","741,246","G->A","intergenic (+23/-65)","PA14_08670/tufB","tRNA-Thr/elongation factor Tu","PRJNA595915 ","SAMN14929132 ","MRS_1021_1","PA14","Planktonic, Population 1"
"364","120","RA","4,085,412","C->T","R216Q (CGG->CAG) ","lasR","transcriptional regulator LasR","PRJNA692838","SAMN17372736","MRS 1301","PA14","Planktonic, Population 1"
"647","121","RA","5,432,208","C->G","N1124K (AAC->AAG) ","morA","motility regulator","PRJNA692838","SAMN17372737","MRS 1302","PA14","Planktonic, Population 2"
"763","122","RA","5,432,203","A->G","K1123E (AAG->GAG) ","morA","motility regulator","PRJNA692838","SAMN17372738","MRS 1303","PA14","Planktonic, Population 3"
"1127","125","RA","5,432,300","T->A","L1155Q (CTG->CAG) ","morA","motility regulator","PRJNA692838","SAMN17372739","MRS 1304","PA14","Planktonic, Population 4"
"1367","126","RA","5,432,300","T->A","L1155Q (CTG->CAG) ","morA","motility regulator","PRJNA692838","SAMN17372740","MRS 1305","PA14","Planktonic, Population 4"
"1414","126","RA","4,085,664","A->C","V132G (GTG->GGG) ","lasR","transcriptional regulator LasR","PRJNA692838","SAMN17372740","MRS 1305","PA14","Planktonic, Population 4"
"1640","127","RA","4,085,412","C->T","R216Q (CGG->CAG) ","lasR","transcriptional regulator LasR","PRJNA692838","SAMN17372741","MRS 1306","PA14","Planktonic, Population 5"
"1837","128","RA","5,432,300","T->A","L1155Q (CTG->CAG) ","morA","motility regulator","PRJNA692838","SAMN17372742","MRS 1307","PA14","Planktonic, Population 5"
"1909","129","RA","4,085,709","G->A","P117L (CCG->CTG) ","lasR","transcriptional regulator LasR","PRJNA692838","SAMN17372743","MRS 1308","PA14","Biofilm, Population 2"
"2083","129","RA","5,706,806","C->T","R26C (CGC->TGC) ","PA14_64050","two-component response regulator","PRJNA692838","SAMN17372743","MRS 1308","PA14","Biofilm, Population 2"
"2160","130","RA","1,412,896","1 bp","coding (854/1008 nt)","wspF","chemotaxis-specific methylesterase","PRJNA692838","SAMN17372744","MRS 1309","PA14","Biofilm, Population 2"
"2394","131","RA","1,413,031","T->A","L330Q (CTG->CAG) ","wspF","chemotaxis-specific methylesterase","PRJNA692838","SAMN17372745","MRS 1310","PA14","Biofilm, Population 3"
"2690","25","MC JC","4,081,495","49,133 bp","","PA14_45920-[PA14_46440]","44 genes PA14_45920, PA14_45930, lasI, rsaL, lasR, PA14_45970, PA14_45980, PA14_46000, PA14_46010, PA14_46020, PA14_46030, gbuR, gbuA, PA14_46080, PA14_46100, PA14_46110, PA14_46120, PA14_46140, PA14_46150, PA14_46160, PA14_46170, PA14_46180, PA14_46200, PA14_46220, aphA, PA14_46240, PA14_46250, PA14_46260, PA14_46270, PA14_46280, PA14_46290, PA14_46300, PA14_46310, PA14_46320, PA14_46330, PA14_46340, PA14_46360, PA14_46370, PA14_46380, PA14_46390, PA14_46400, PA14_46420, PA14_46430, [PA14_46440]PA14_45920, PA14_45930, lasI, rsaL, lasR, PA14_45970, PA14_45980, PA14_46000, PA14_46010, PA14_46020, PA14_46030, gbuR, gbuA, PA14_46080, PA14_46100, PA14_46110, PA14_46120, PA14_46140, PA14_46150, PA14_46160, PA14_46170, PA14_46180, PA14_46200, PA14_46220, aphA, PA14_46240, PA14_46250, PA14_46260, PA14_46270, PA14_46280, PA14_46290, PA14_46300, PA14_46310, PA14_46320, PA14_46330, PA14_46340, PA14_46360, PA14_46370, PA14_46380, PA14_46390, PA14_46400, PA14_46420, PA14_46430, [PA14_46440]","PRJNA692838","SAMN17372746","MRS 1202","PA14","Planktonic, Population 2"
"2888","26","MC JC","4,071,619","40,707 bp","","[fliM]-[PA14_46240]","35 genes [fliM], fliL, PA14_45830, PA14_45840, PA14_45850, PA14_45870, PA14_45880, PA14_45890, PA14_45910, PA14_45920, PA14_45930, lasI, rsaL, lasR, PA14_45970, PA14_45980, PA14_46000, PA14_46010, PA14_46020, PA14_46030, gbuR, gbuA, PA14_46080, PA14_46100, PA14_46110, PA14_46120, PA14_46140, PA14_46150, PA14_46160, PA14_46170, PA14_46180, PA14_46200, PA14_46220, aphA, [PA14_46240][fliM], fliL, PA14_45830, PA14_45840, PA14_45850, PA14_45870, PA14_45880, PA14_45890, PA14_45910, PA14_45920, PA14_45930, lasI, rsaL, lasR, PA14_45970, PA14_45980, PA14_46000, PA14_46010, PA14_46020, PA14_46030, gbuR, gbuA, PA14_46080, PA14_46100, PA14_46110, PA14_46120, PA14_46140, PA14_46150, PA14_46160, PA14_46170, PA14_46180, PA14_46200, PA14_46220, aphA, [PA14_46240]","PRJNA692838","SAMN17372747","MRS 1203","PA14","Planktonic, Population 3"
"3515","29","MC JC","5,237,139","5 bp","coding (1058-1062/1122 nt)","pilC","type 4 fimbrial biogenesis protein pilC","PRJNA692838","SAMN17372748","MRS 1219","PA14","Biofilm, Population 1"
"3526","29","RA","5,706,806","C->T","R26C (CGC->TGC) ","PA14_64050","two-component response regulator","PRJNA692838","SAMN17372748","MRS 1219","PA14","Biofilm, Population 1"
"3671","30","RA","4,085,569","C->A","G164* (GGA->TGA) ","lasR","transcriptional regulator LasR","PRJNA692838","SAMN17372749","MRS 1220","PA14","Biofilm, Population 1"
"3745","31","JC","5,236,040","+GCGGCGTCCCGCGATA","intergenic (+58/-42)","pilB/pilC","type 4 fimbrial biogenesis protein PilB/type 4 fimbrial biogenesis protein pilC","PRJNA692838","SAMN17372750","MRS 1221","PA14","Biofilm, Population 1"
"3827","31","RA","1,412,607","G->T","E189* (GAG->TAG) ","wspF","chemotaxis-specific methylesterase","PRJNA692838","SAMN17372750","MRS 1221","PA14","Biofilm, Population 1"
