study,authors,study_number,strain,exp,longitudinal,invivo,notes,medium,gene,aminoacid,aa_position,synonymous,MutationType,source,parallel,transfer model,clone_or_pop
Present Study,Scribner,1,pa14,Laboratory,0,0,,cf,morA,A1109V,1109,0,SNP,Scribner_analysis,,tube_planktonic,pop
Present Study,Scribner,1,pa14,Laboratory,0,0,,cf,morA,K1123E,1123,0,SNP,Scribner_analysis,,tube_planktonic,pop
Present Study,Scribner,1,pa14,Laboratory,0,0,,cf,morA,N1124K,1124,0,SNP,Scribner_analysis,,tube_planktonic,pop
Present Study,Scribner,1,pa14,Laboratory,0,0,,cf,morA,E1153K,1153,0,SNP,Scribner_analysis,,tube_planktonic,pop
Present Study,Scribner,1,pa14,Laboratory,0,0,,cf,morA,L1155Q,1155,0,SNP,Scribner_analysis,L1155Q,tube_planktonic,pop
PA14 propagation in CF media using a tip transfer model,Scribner,2,pa14,Laboratory,0,0,,cf,morA,T563P,563,0,SNP,Scribner_analysis,T563P,deepwell,pop
PA14 propagation in CF media using a tip transfer model,Scribner,2,pa14,Laboratory,0,0,,cf,morA,R1019H,1019,0,SNP,Scribner_analysis,R1019H,deepwell,pop
PA14 propagation in CF media using a tip transfer model,Scribner,2,pa14,Laboratory,0,0,,cf,morA,M1056I,1056,0,SNP,Scribner_analysis,M1056I,deepwell,pop
PA14 propagation in CF media using a tip transfer model,Scribner,2,pa14,Laboratory,0,0,,cf,morA,A1149T,1149,0,SNP,Scribner_analysis,,deepwell,pop
Genomics of Adaptation during Experimental Evolution of the Opportunistic Pathogen Pseudomonas aeruginosa,"Alex Wong,Nicolas Rodrigue,Rees Kassen",2,pa14,Laboratory,0,0,,scfm_mucin,morA,T563P,563,0,SNP,TableS1,,,
Genomics of Adaptation during Experimental Evolution of the Opportunistic Pathogen Pseudomonas aeruginosa,"Alex Wong,Nicolas Rodrigue,Rees Kassen",2,pa14,Laboratory,0,0,,scfm_mucin,morA,H975R,975,0,SNP,TableS1,,,
Genomics of Adaptation during Experimental Evolution of the Opportunistic Pathogen Pseudomonas aeruginosa,"Alex Wong,Nicolas Rodrigue,Rees Kassen",2,pa14,Laboratory,0,0,,scfm_mucin,morA,M1056I,1056,0,SNP,TableS1,,,
Genomics of Adaptation during Experimental Evolution of the Opportunistic Pathogen Pseudomonas aeruginosa,"Alex Wong,Nicolas Rodrigue,Rees Kassen",2,pa14,Laboratory,0,0,,scfm_mucin,morA,A1109T,1109,0,SNP,TableS1,,,
Genomics of Adaptation during Experimental Evolution of the Opportunistic Pathogen Pseudomonas aeruginosa,"Alex Wong,Nicolas Rodrigue,Rees Kassen",2,pa14,Laboratory,0,0,,scfm_mucin,morA,L1155Q,1155,0,SNP,TableS1,,,
Genomics of Adaptation during Experimental Evolution of the Opportunistic Pathogen Pseudomonas aeruginosa,"Alex Wong,Nicolas Rodrigue,Rees Kassen",2,pa14,Laboratory,0,0,,scfm_mucin,morA,R1162P,1162,0,SNP,TableS1,,,
Genomics of Adaptation during Experimental Evolution of the Opportunistic Pathogen Pseudomonas aeruginosa,"Alex Wong,Nicolas Rodrigue,Rees Kassen",2,pa14,Laboratory,0,0,,scfm_mucin,morA,E1213K,1213,0,SNP,TableS1,,,
Mutational Evolution of Pseudomonas aeruginosa Resistance to Ribosome-Targeting Antibiotics.,"Sanz-García F1, Hernando-Amado S1, Martínez JL1.",2,pa14,Laboratory,0,0,,MHB,morA,I974L,974,0,SNP,Scribner_analysis,,,
Mutational Evolution of Pseudomonas aeruginosa Resistance to Ribosome-Targeting Antibiotics.,"Sanz-García F1, Hernando-Amado S1, Martínez JL1.",2,pa14,Laboratory,0,0,,MHB,morA,R1019H,1019,0,SNP,Scribner_analysis,,,
Mutational Evolution of Pseudomonas aeruginosa Resistance to Ribosome-Targeting Antibiotics.,"Sanz-García F1, Hernando-Amado S1, Martínez JL1.",2,pa14,Laboratory,0,0,,MHB,morA,A1109T,1109,0,SNP,Scribner_analysis,,,
Mutational Evolution of Pseudomonas aeruginosa Resistance to Ribosome-Targeting Antibiotics.,"Sanz-García F1, Hernando-Amado S1, Martínez JL1.",2,pa14,Laboratory,0,0,,MHB,morA,R1162S,1162,0,SNP,Scribner_analysis,,,
Mutational Evolution of Pseudomonas aeruginosa Resistance to Ribosome-Targeting Antibiotics.,"Sanz-García F1, Hernando-Amado S1, Martínez JL1.",2,pa14,Laboratory,0,0,,MHB,morA,R1162C,1162,0,SNP,Scribner_analysis,,,
Convergent evolution and adaptation of Pseudomonas aeruginosa within patients with cystic fibrosis,"Rasmus Lykke Marvig, Lea Mette Sommer, Søren Molin & Helle Krogh Johansen",3,clinical,Clinical,1,1,,NA,morA,G98S,98,0,SNP,,,,
Convergent evolution and adaptation of Pseudomonas aeruginosa within patients with cystic fibrosis,"Rasmus Lykke Marvig, Lea Mette Sommer, Søren Molin & Helle Krogh Johansen",3,clinical,Clinical,1,1,,NA,morA,G98D,98,0,SNP,,,,
Convergent evolution and adaptation of Pseudomonas aeruginosa within patients with cystic fibrosis,"Rasmus Lykke Marvig, Lea Mette Sommer, Søren Molin & Helle Krogh Johansen",3,clinical,Clinical,1,1,,NA,morA,P102P,102,1,SNP,,,,
Convergent evolution and adaptation of Pseudomonas aeruginosa within patients with cystic fibrosis,"Rasmus Lykke Marvig, Lea Mette Sommer, Søren Molin & Helle Krogh Johansen",3,clinical,Clinical,1,1,,NA,morA,P109P,109,1,SNP,,,,
Convergent evolution and adaptation of Pseudomonas aeruginosa within patients with cystic fibrosis,"Rasmus Lykke Marvig, Lea Mette Sommer, Søren Molin & Helle Krogh Johansen",3,clinical,Clinical,1,1,,NA,morA,V111V,111,1,SNP,,,,
Convergent evolution and adaptation of Pseudomonas aeruginosa within patients with cystic fibrosis,"Rasmus Lykke Marvig, Lea Mette Sommer, Søren Molin & Helle Krogh Johansen",3,clinical,Clinical,1,1,,NA,morA,T130R,130,0,SNP,,,,
Convergent evolution and adaptation of Pseudomonas aeruginosa within patients with cystic fibrosis,"Rasmus Lykke Marvig, Lea Mette Sommer, Søren Molin & Helle Krogh Johansen",3,clinical,Clinical,1,1,,NA,morA,A142A,142,1,SNP,,,,
Convergent evolution and adaptation of Pseudomonas aeruginosa within patients with cystic fibrosis,"Rasmus Lykke Marvig, Lea Mette Sommer, Søren Molin & Helle Krogh Johansen",3,clinical,Clinical,1,1,,NA,morA,G204G,204,1,SNP,,,,
Convergent evolution and adaptation of Pseudomonas aeruginosa within patients with cystic fibrosis,"Rasmus Lykke Marvig, Lea Mette Sommer, Søren Molin & Helle Krogh Johansen",3,clinical,Clinical,1,1,,NA,morA,P211P,211,1,SNP,,,,
Convergent evolution and adaptation of Pseudomonas aeruginosa within patients with cystic fibrosis,"Rasmus Lykke Marvig, Lea Mette Sommer, Søren Molin & Helle Krogh Johansen",3,clinical,Clinical,1,1,,NA,morA,A254A,254,1,SNP,,,,
Convergent evolution and adaptation of Pseudomonas aeruginosa within patients with cystic fibrosis,"Rasmus Lykke Marvig, Lea Mette Sommer, Søren Molin & Helle Krogh Johansen",3,clinical,Clinical,1,1,,NA,morA,V267V,267,1,SNP,,,,
Convergent evolution and adaptation of Pseudomonas aeruginosa within patients with cystic fibrosis,"Rasmus Lykke Marvig, Lea Mette Sommer, Søren Molin & Helle Krogh Johansen",3,clinical,Clinical,1,1,,NA,morA,V267V,267,1,SNP,,,,
Convergent evolution and adaptation of Pseudomonas aeruginosa within patients with cystic fibrosis,"Rasmus Lykke Marvig, Lea Mette Sommer, Søren Molin & Helle Krogh Johansen",3,clinical,Clinical,1,1,,NA,morA,Q277Q,277,1,SNP,,,,
Convergent evolution and adaptation of Pseudomonas aeruginosa within patients with cystic fibrosis,"Rasmus Lykke Marvig, Lea Mette Sommer, Søren Molin & Helle Krogh Johansen",3,clinical,Clinical,1,1,,NA,morA,Q278Q,278,1,SNP,,,,
Convergent evolution and adaptation of Pseudomonas aeruginosa within patients with cystic fibrosis,"Rasmus Lykke Marvig, Lea Mette Sommer, Søren Molin & Helle Krogh Johansen",3,clinical,Clinical,1,1,,NA,morA,T284P,284,0,SNP,,T284P,,
Convergent evolution and adaptation of Pseudomonas aeruginosa within patients with cystic fibrosis,"Rasmus Lykke Marvig, Lea Mette Sommer, Søren Molin & Helle Krogh Johansen",3,clinical,Clinical,1,1,,NA,morA,E322E,322,1,SNP,,,,
Convergent evolution and adaptation of Pseudomonas aeruginosa within patients with cystic fibrosis,"Rasmus Lykke Marvig, Lea Mette Sommer, Søren Molin & Helle Krogh Johansen",3,clinical,Clinical,1,1,,NA,morA,P342P,342,1,SNP,,,,
Convergent evolution and adaptation of Pseudomonas aeruginosa within patients with cystic fibrosis,"Rasmus Lykke Marvig, Lea Mette Sommer, Søren Molin & Helle Krogh Johansen",3,clinical,Clinical,1,1,,NA,morA,L455L,455,1,SNP,,,,
Convergent evolution and adaptation of Pseudomonas aeruginosa within patients with cystic fibrosis,"Rasmus Lykke Marvig, Lea Mette Sommer, Søren Molin & Helle Krogh Johansen",3,clinical,Clinical,1,1,,NA,morA,L492L,492,1,SNP,,,,
Convergent evolution and adaptation of Pseudomonas aeruginosa within patients with cystic fibrosis,"Rasmus Lykke Marvig, Lea Mette Sommer, Søren Molin & Helle Krogh Johansen",3,clinical,Clinical,1,1,,NA,morA,E525E,525,1,SNP,,,,
Convergent evolution and adaptation of Pseudomonas aeruginosa within patients with cystic fibrosis,"Rasmus Lykke Marvig, Lea Mette Sommer, Søren Molin & Helle Krogh Johansen",3,clinical,Clinical,1,1,,NA,morA,L532L,532,1,SNP,,,,
Convergent evolution and adaptation of Pseudomonas aeruginosa within patients with cystic fibrosis,"Rasmus Lykke Marvig, Lea Mette Sommer, Søren Molin & Helle Krogh Johansen",3,clinical,Clinical,1,1,,NA,morA,T563P,563,0,SNP,,T563P,,
Convergent evolution and adaptation of Pseudomonas aeruginosa within patients with cystic fibrosis,"Rasmus Lykke Marvig, Lea Mette Sommer, Søren Molin & Helle Krogh Johansen",3,clinical,Clinical,1,1,36 lineages,NA,morA,E581K,581,0,SNP,,,,
Convergent evolution and adaptation of Pseudomonas aeruginosa within patients with cystic fibrosis,"Rasmus Lykke Marvig, Lea Mette Sommer, Søren Molin & Helle Krogh Johansen",3,clinical,Clinical,1,1,,NA,morA,V590G,590,0,SNP,,,,
Convergent evolution and adaptation of Pseudomonas aeruginosa within patients with cystic fibrosis,"Rasmus Lykke Marvig, Lea Mette Sommer, Søren Molin & Helle Krogh Johansen",3,clinical,Clinical,1,1,,NA,morA,Q617Q,617,1,SNP,,,,
Convergent evolution and adaptation of Pseudomonas aeruginosa within patients with cystic fibrosis,"Rasmus Lykke Marvig, Lea Mette Sommer, Søren Molin & Helle Krogh Johansen",3,clinical,Clinical,1,1,,NA,morA,L618L,618,1,SNP,,,,
Convergent evolution and adaptation of Pseudomonas aeruginosa within patients with cystic fibrosis,"Rasmus Lykke Marvig, Lea Mette Sommer, Søren Molin & Helle Krogh Johansen",3,clinical,Clinical,1,1,,NA,morA,E736E,736,1,SNP,,,,
Convergent evolution and adaptation of Pseudomonas aeruginosa within patients with cystic fibrosis,"Rasmus Lykke Marvig, Lea Mette Sommer, Søren Molin & Helle Krogh Johansen",3,clinical,Clinical,1,1,,NA,morA,H763H,763,1,SNP,,,,
Convergent evolution and adaptation of Pseudomonas aeruginosa within patients with cystic fibrosis,"Rasmus Lykke Marvig, Lea Mette Sommer, Søren Molin & Helle Krogh Johansen",3,clinical,Clinical,1,1,,NA,morA,D892D,892,1,SNP,,,,
Convergent evolution and adaptation of Pseudomonas aeruginosa within patients with cystic fibrosis,"Rasmus Lykke Marvig, Lea Mette Sommer, Søren Molin & Helle Krogh Johansen",3,clinical,Clinical,1,1,,NA,morA,Q896Q,896,1,SNP,,,,
Convergent evolution and adaptation of Pseudomonas aeruginosa within patients with cystic fibrosis,"Rasmus Lykke Marvig, Lea Mette Sommer, Søren Molin & Helle Krogh Johansen",3,clinical,Clinical,1,1,,NA,morA,E936E,936,1,SNP,,,,
Convergent evolution and adaptation of Pseudomonas aeruginosa within patients with cystic fibrosis,"Rasmus Lykke Marvig, Lea Mette Sommer, Søren Molin & Helle Krogh Johansen",3,clinical,Clinical,1,1,,NA,morA,E936E,936,1,SNP,,,,
Convergent evolution and adaptation of Pseudomonas aeruginosa within patients with cystic fibrosis,"Rasmus Lykke Marvig, Lea Mette Sommer, Søren Molin & Helle Krogh Johansen",3,clinical,Clinical,1,1,,NA,morA,P939P,939,1,SNP,,,,
Convergent evolution and adaptation of Pseudomonas aeruginosa within patients with cystic fibrosis,"Rasmus Lykke Marvig, Lea Mette Sommer, Søren Molin & Helle Krogh Johansen",3,clinical,Clinical,1,1,,NA,morA,P939P,939,1,SNP,,,,
Convergent evolution and adaptation of Pseudomonas aeruginosa within patients with cystic fibrosis,"Rasmus Lykke Marvig, Lea Mette Sommer, Søren Molin & Helle Krogh Johansen",3,clinical,Clinical,1,1,,NA,morA,R948R,948,1,SNP,,,,
Convergent evolution and adaptation of Pseudomonas aeruginosa within patients with cystic fibrosis,"Rasmus Lykke Marvig, Lea Mette Sommer, Søren Molin & Helle Krogh Johansen",3,clinical,Clinical,1,1,,NA,morA,R948R,948,1,SNP,,,,
Convergent evolution and adaptation of Pseudomonas aeruginosa within patients with cystic fibrosis,"Rasmus Lykke Marvig, Lea Mette Sommer, Søren Molin & Helle Krogh Johansen",3,clinical,Clinical,1,1,,NA,morA,Q1001Q,1001,1,SNP,,,,
Convergent evolution and adaptation of Pseudomonas aeruginosa within patients with cystic fibrosis,"Rasmus Lykke Marvig, Lea Mette Sommer, Søren Molin & Helle Krogh Johansen",3,clinical,Clinical,1,1,,NA,morA,R1019H,1019,0,SNP,,R1019H,,
Convergent evolution and adaptation of Pseudomonas aeruginosa within patients with cystic fibrosis,"Rasmus Lykke Marvig, Lea Mette Sommer, Søren Molin & Helle Krogh Johansen",3,clinical,Clinical,1,1,,NA,morA,L1075L,1075,1,SNP,,,,
Convergent evolution and adaptation of Pseudomonas aeruginosa within patients with cystic fibrosis,"Rasmus Lykke Marvig, Lea Mette Sommer, Søren Molin & Helle Krogh Johansen",3,clinical,Clinical,1,1,,NA,morA,R1088R,1088,1,SNP,,,,
Convergent evolution and adaptation of Pseudomonas aeruginosa within patients with cystic fibrosis,"Rasmus Lykke Marvig, Lea Mette Sommer, Søren Molin & Helle Krogh Johansen",3,clinical,Clinical,1,1,,NA,morA,A1116T,1116,0,SNP,,,,
Convergent evolution and adaptation of Pseudomonas aeruginosa within patients with cystic fibrosis,"Rasmus Lykke Marvig, Lea Mette Sommer, Søren Molin & Helle Krogh Johansen",3,clinical,Clinical,1,1,,NA,morA,L1165L,1165,1,SNP,,,,
Convergent evolution and adaptation of Pseudomonas aeruginosa within patients with cystic fibrosis,"Rasmus Lykke Marvig, Lea Mette Sommer, Søren Molin & Helle Krogh Johansen",3,clinical,Clinical,1,1,,NA,morA,G1182C,1182,0,SNP,,,,
Convergent evolution and adaptation of Pseudomonas aeruginosa within patients with cystic fibrosis,"Rasmus Lykke Marvig, Lea Mette Sommer, Søren Molin & Helle Krogh Johansen",3,clinical,Clinical,1,1,,NA,morA,T1186T,1186,1,SNP,,,,
Convergent evolution and adaptation of Pseudomonas aeruginosa within patients with cystic fibrosis,"Rasmus Lykke Marvig, Lea Mette Sommer, Søren Molin & Helle Krogh Johansen",3,clinical,Clinical,1,1,,NA,morA,T1186T,1186,1,SNP,,,,
Convergent evolution and adaptation of Pseudomonas aeruginosa within patients with cystic fibrosis,"Rasmus Lykke Marvig, Lea Mette Sommer, Søren Molin & Helle Krogh Johansen",3,clinical,Clinical,1,1,,NA,morA,W1223C,1223,0,SNP,,,,
Convergent evolution and adaptation of Pseudomonas aeruginosa within patients with cystic fibrosis,"Rasmus Lykke Marvig, Lea Mette Sommer, Søren Molin & Helle Krogh Johansen",3,clinical,Clinical,1,1,,NA,morA,A1238P,1238,0,SNP,,,,
Convergent evolution and adaptation of Pseudomonas aeruginosa within patients with cystic fibrosis,"Rasmus Lykke Marvig, Lea Mette Sommer, Søren Molin & Helle Krogh Johansen",3,clinical,Clinical,1,1,,NA,morA,P1243P,1243,1,SNP,,,,
Convergent evolution and adaptation of Pseudomonas aeruginosa within patients with cystic fibrosis,"Rasmus Lykke Marvig, Lea Mette Sommer, Søren Molin & Helle Krogh Johansen",3,clinical,Clinical,1,1,,NA,morA,A1275A,1275,1,SNP,,,,
Convergent evolution and adaptation of Pseudomonas aeruginosa within patients with cystic fibrosis,"Rasmus Lykke Marvig, Lea Mette Sommer, Søren Molin & Helle Krogh Johansen",3,clinical,Clinical,1,1,,NA,morA,E1280E,1280,1,SNP,,,,
Convergent evolution and adaptation of Pseudomonas aeruginosa within patients with cystic fibrosis,"Rasmus Lykke Marvig, Lea Mette Sommer, Søren Molin & Helle Krogh Johansen",3,clinical,Clinical,1,1,,NA,morA,S1288S,1288,1,SNP,,,,
Convergent evolution and adaptation of Pseudomonas aeruginosa within patients with cystic fibrosis,"Rasmus Lykke Marvig, Lea Mette Sommer, Søren Molin & Helle Krogh Johansen",3,clinical,Clinical,1,1,,NA,morA,L1330L,1330,1,SNP,,,,
Convergent evolution and adaptation of Pseudomonas aeruginosa within patients with cystic fibrosis,"Rasmus Lykke Marvig, Lea Mette Sommer, Søren Molin & Helle Krogh Johansen",3,clinical,Clinical,1,1,,NA,morA,F1377L,1377,0,SNP,,,,